name,region,CO2,GDP_per_capita,airports,alcohol,area,birth_rate,broadband,budget_surplus_or_deficit,child_mortality_ratio,death_rate,debt,education,electricity,energy_per_capita,exports,imports,inflation,internet_users,labor_force,life_expectancy,maternal_mortality_ratio,median_age,military_expenditures,net_migration_rate,obesity,population,population_growth_rate,railways,roadways,total_fertility,unemployment
China,East and Southeast Asia,10773248000.00,16300.00,507,4.48,9596960.00,9.69,483549500.00,-3.8,6.49,7.82,47,3.6,2217925000.00,105687000.00,2739000000000.00,2380000000000.00,0.98,1022000000.00,791383000.00,78.23,23,38.4,1.8,-0.11,6.2,1413142846.00,0.18,150000.00,5200000.00,1.45,4.82
United States,North America,5144361000.00,63700.00,"13,513",8.93,9833517.00,12.21,121176000.00,-3.4,5.12,8.42,126.39,6.1,1143266000.00,304414000.00,2557000000000.00,3402000000000.00,4.7,312800000.00,164797000.00,80.75,21,38.5,3.5,3.01,36.2,339665118.00,0.68,293564.20,6586610.00,1.84,5.46
India,South Asia,2314738000.00,6600.00,346,3.09,3287263.00,16.53,22950000.00,-3.5,30.36,9.65,46.52,4.5,432768000.00,23231000.00,643080000000.00,717119000000.00,5.13,644000000.00,476670000.00,67.69,103,28.7,2.5,0.12,3.9,1399179585.00,0.7,65554.00,6371847.00,2.07,5.98
Russia,Central Asia,1848070000.00,28000.00,"1,218",7.29,17098242.00,9.22,33893305.00,-1.4,6.33,13.27,23.05,3.7,276463000.00,227898000.00,550035000000.00,379947000000.00,6.69,132000000.00,72444000.00,72.72,14,40.3,5.4,1.7,23.1,141698923.00,-0.24,85494.00,1283387.00,1.6,5.01
Japan,East and Southeast Asia,1103234000.00,40800.00,175,8.36,377915.00,6.9,44000791.00,-3.5,1.88,11.74,216.28,3.4,348666000.00,147107000.00,919158000000.00,941671000000.00,-0.23,99600000.00,68629000.00,85,4,48.6,0.94,0.74,4.3,123719238.00,-0.41,27311.00,1218772.00,1.39,2.8
Germany,Europe,726881000.00,53200.00,539,10.56,357022.00,9.02,36215303.00,1.3,3.14,11.97,63.9,4.7,248265000.00,161174000.00,2004000000000.00,1775000000000.00,3.14,75530000.00,43968000.00,81.72,4,47.8,1.2,1.78,22.3,84220184.00,-0.12,39379.00,830000.00,1.58,3.54
"Korea, South",East and Southeast Asia,686954000.00,44200.00,111,7.74,99720.00,6.95,22327182.00,1.4,2.83,7.28,46.43,4.7,135789000.00,242346000.00,771202000000.00,698103000000.00,2.5,50960000.00,28674000.00,83.17,8,43.2,2.5,2.61,4.7,51966948.00,0.23,3979.00,100428.00,1.11,3.53
Iran,Middle East,646038000.00,15000.00,319,0.02,1648195.00,14.79,9564195.00,-2.3,14.58,5.2,39.5,3.6,80553000.00,145540000.00,101400000000.00,76390000000.00,43.39,69520000.00,27682000.00,75.44,22,31.7,4.3,-0.3,25.8,87590873.00,0.93,8483.50,223485.00,1.92,11.46
Canada,North America,612084000.00,47900.00,"1,467",8,9984670.00,10.11,15825813.00,-1,4.31,8.17,72.09,5.2,153251000.00,403700000.00,611146000000.00,609256000000.00,3.4,35340000.00,21017000.00,83.99,11,41.8,1.16,5.37,29.4,38516736.00,0.73,49422.00,1042300.00,1.57,7.51
Saudi Arabia,Middle East,579925000.00,44300.00,214,0,2149690.00,13.9,7890261.00,-8.9,11.97,3.45,17.2,7.8,76785000.00,296949000.00,286502000000.00,213016000000.00,3.06,36000000.00,16060000.00,76.91,16,30.8,10.8,6.07,35.4,35939806.00,1.65,5410.00,221372.00,1.89,7.36
Indonesia,East and Southeast Asia,563543000.00,11900.00,673,0.08,1904569.00,15.05,11722218.00,-2.7,19.31,6.77,42.92,3.5,69065000.00,29680000.00,246870000000.00,217715000000.00,1.56,167400000.00,138119000.00,73.33,173,31.1,0.9,-0.71,6.9,279476346.00,0.76,8159.00,496607.00,1.99,4.41
South Africa,Africa,470358000.00,13300.00,407,7.21,1219090.00,18.24,1303057.00,-4.4,24.99,9.25,53,6.6,62728000.00,98474000.00,130885000000.00,104806000000.00,4.61,42480000.00,22398000.00,65.6,127,28,1.1,0.11,28.3,58048332.00,0.91,20986.00,750000.00,2.17,33.56
Mexico,North America,463739000.00,19100.00,"1,714",4.25,1964375.00,13.95,21936131.00,-1.1,12,7.07,54.3,4.3,93430000.00,61597000.00,522235000000.00,544752000000.00,5.69,98800000.00,56132000.00,73.46,59,29.3,0.6,-0.77,28.9,129875529.00,0.61,23389.00,704884.00,1.73,4.38
Brazil,South America,456670000.00,14600.00,"4,093",6.12,8515770.00,13.44,36344670.00,-1.1,13.11,6.9,100.59,6,195037000.00,59444000.00,317175000000.00,297924000000.00,8.3,170100000.00,99470000.00,76.1,72,33.2,1.3,-0.19,22.1,218689757.00,0.64,29849.90,2000000.00,1.75,14.4
Australia,Australia and Oceania,417870000.00,49800.00,418,9.51,7741220.00,12.23,9099619.00,-0.5,2.96,6.76,69.41,6.1,82517000.00,241004000.00,389794000000.00,298712000000.00,2.86,24960000.00,13786000.00,83.28,3,37.5,2.1,6.39,29,26461166.00,1.19,36064.00,873573.00,1.73,5.11
United Kingdom,Europe,398084000.00,45000.00,460,9.8,243610.00,10.8,27330297.00,-1.9,3.79,9.12,195.39,5.5,113153000.00,119894000.00,874500000000.00,898719000000.00,2.52,64990000.00,34637000.00,82.05,10,40.6,2.08,3.23,27.8,68138484.00,0.49,16390.00,394428.00,1.63,4.53
Turkey (Turkiye),Middle East,391792000.00,31500.00,98,1.18,783562.00,14.04,16734853.00,-1.5,18.85,6.09,41.97,3.4,96846000.00,79126000.00,282851000000.00,285578000000.00,19.6,68850000.00,32554000.00,76.47,17,32.2,1.45,-1.53,32.1,83593483.00,0.64,11497.00,67333.00,1.91,13.39
France,Europe,338425000.00,45000.00,464,11.44,643801.00,11.56,30627000.00,-2.6,3.1,9.51,123.01,5.5,138611000.00,151053000.00,920864000000.00,957717000000.00,1.64,55900000.00,31132000.00,82.79,8,41.7,1.79,1.06,21.6,68521974.00,0.31,27860.00,1053215.00,2.02,8.06
Italy,Europe,332041000.00,41900.00,129,7.65,301340.00,7,18128787.00,-2.3,3.11,11.27,131.8,4.3,121442000.00,112606000.00,687948000000.00,637934000000.00,1.87,44250000.00,25012000.00,82.79,5,46.5,1.2,3.2,19.9,61021855.00,-0.11,18475.00,487700.00,1.24,9.83
Thailand,East and Southeast Asia,305273000.00,17100.00,101,6.86,513120.00,10.04,11478265.00,-3.5,6.36,7.86,50.4,3.2,53130000.00,76714000.00,296002000000.00,295780000000.00,1.23,61200000.00,40213000.00,77.91,29,39,1.4,-0.22,10,69794997.00,0.2,4127.00,180053.00,1.54,1.42
Poland,Europe,304040000.00,34900.00,126,10.96,312685.00,8.31,8369218.00,-1.7,4.1,10.75,50.6,5.2,47269000.00,112831000.00,411621000000.00,380699000000.00,5.06,32300000.00,18212000.00,79,2,41.9,1.9,-0.34,23.1,37991766.00,-0.28,19461.00,420000.00,1.41,3.37
Spain,Europe,280624000.00,37900.00,135,10.72,505370.00,7.12,16188502.00,-3.1,2.43,10.11,141.22,4.6,115837000.00,122673000.00,497868000000.00,476678000000.00,3.09,44180000.00,23382000.00,82.78,3,43.9,0.9,4.23,23.8,47222613.00,0.12,15489.00,683175.00,1.29,14.73
Taiwan,East and Southeast Asia,279206000.00,45400.00,37,,35980.00,7.33,5831470.00,-0.1,3.9,7.98,35.7,,57738000.00,160669000.00,388490000000.00,308744000000.00,0.5,21600000.00,11498000.00,81.38,,42.3,1.8,0.96,,23588613.00,0.03,1613.10,43206.00,1.09,3.73
United Arab Emirates,Middle East,276236000.00,69700.00,43,2.03,83600.00,10.76,3245123.00,-0.2,5.06,1.62,19.7,3.9,35173000.00,471788000.00,308500000000.00,229200000000.00,-2.08,9400000.00,6074000.00,79.75,9,38.4,6,-3.35,31.7,9973449.00,0.58,,4080.00,1.62,3.36
Kazakhstan,Central Asia,263689000.00,26100.00,96,3.73,2724900.00,14.92,2620400.00,-1.8,18.77,8.05,26.63,4.5,25022000.00,180726000.00,66132000000.00,49196000000.00,6.75,17290000.00,9248000.00,72.8,13,31.6,0.9,0.39,21,19543464.00,0.73,16636.00,96167.00,2.08,4.9
Malaysia,East and Southeast Asia,254764000.00,26300.00,114,0.64,329847.00,14.39,3358800.00,-3,6.49,5.72,62.03,3.9,34959000.00,123755000.00,256659000000.00,230188000000.00,2.48,32980000.00,16740000.00,76.38,21,29.2,1.4,1.46,15.6,34219975.00,1.01,1851.00,144403.00,1.74,4.61
Vietnam,East and Southeast Asia,249929000.00,10600.00,45,3.41,331210.00,15.29,16699249.00,-6.7,14.42,5.77,58.5,4.1,65283000.00,36392000.00,339984000000.00,338021000000.00,1.83,71780000.00,56203000.00,75.79,124,31.9,2.5,-0.21,2.1,104799174.00,0.93,2600.00,195468.00,2.04,2.17
Singapore,East and Southeast Asia,238983000.00,106000.00,9,1.81,719.00,8.94,1509700.00,-0.3,1.54,4.15,153.41,2.8,12240000.00,639951000.00,733782000000.00,609280000000.00,2.3,5369000.00,3290000.00,86.51,7,35.6,3.2,4.18,6.1,5975383.00,0.9,,3500.00,1.17,3.62
Egypt,Africa,235137000.00,11600.00,83,0.14,1001450.00,20.48,9349469.00,-8.6,17.27,4.32,103,2.5,59826000.00,40063000.00,58339000000.00,94039000000.00,5.21,79200000.00,30179000.00,74.72,17,24.1,1.6,-0.29,32,109546720.00,1.59,5085.00,65050.00,2.76,9.33
Netherlands,Europe,214416000.00,56600.00,29,8.23,41543.00,10.98,7525016.00,1.1,3.34,9.27,56.5,5.3,43409000.00,219606000.00,839600000000.00,735700000000.00,2.68,16560000.00,9902000.00,82.36,4,42.8,1.2,1.89,20.4,17463930.00,0.36,3055.00,139124.00,1.77,4.01
Pakistan,South Asia,193869000.00,5200.00,151,0.04,796095.00,26.01,2523027.00,-5.8,52.73,5.94,67,2.4,39925000.00,15859000.00,35566000000.00,76392000000.00,9.5,48300000.00,73133000.00,69.96,154,22,3.6,-1.01,8.6,247653551.00,1.91,11881.00,264175.00,3.39,4.35
Argentina,South America,193205000.00,21500.00,916,7.95,2780400.00,15.38,9571562.00,-6,9.14,7.28,57.6,5,44731000.00,79083000.00,87415000000.00,72362000000.00,25.7,39150000.00,21206000.00,78.55,45,32.4,0.8,-0.08,28.3,46621847.00,0.8,17866.00,281290.00,2.17,10.9
Ukraine,Europe,185686000.00,12900.00,215,5.69,603550.00,8.79,7769401.00,-1.5,7.21,13.7,58.72,5.4,56816000.00,82571000.00,81504000000.00,84175000000.00,9.36,3239000.00,20463000.00,73.72,17,41.2,3.1,-0.27,24.1,43306477.00,-0.52,21733.00,169694.00,1.57,8.88
Algeria,Africa,151633000.00,11000.00,149,0.59,2381740.00,17.84,3790459.00,-9.6,19.22,4.33,27.5,7,21694000.00,61433000.00,41776000000.00,44322000000.00,7.23,31240000.00,12312000.00,78.27,78,28.9,6.4,-0.81,27.4,44758398.00,1.27,4020.00,104000.00,2.47,12.7
Iraq,Middle East,143479000.00,9000.00,102,0.16,438317.00,24.22,6254099.00,-4.2,19.17,3.88,27.44,4.7,28369000.00,63174000.00,78261000000.00,50707000000.00,6.04,21560000.00,11184000.00,73.45,76,21.2,5.6,-0.98,30.4,41266109.00,1.94,2272.00,59623.00,3.17,14.19
Philippines,East and Southeast Asia,142282000.00,8100.00,247,4.85,300000.00,22.17,7936574.00,-2.2,22.14,6.32,39.9,3.7,27885000.00,19261000.00,87790000000.00,126508000000.00,3.93,58300000.00,44242000.00,70.48,78,24.1,1.4,-0.04,6.4,116434200.00,1.58,77.00,216387.00,2.77,2.41
Belgium,Europe,128247000.00,51700.00,41,9.15,30528.00,10.86,4734210.00,-1,3.15,9.57,119.43,6.7,26929000.00,234216000.00,515625000000.00,509018000000.00,2.44,10920000.00,5240000.00,82.06,5,41.6,0.9,4.18,22.1,11913633.00,0.55,3602.00,118414.00,1.77,6.42
Qatar,Middle East,111922000.00,92900.00,6,0.96,11586.00,9.27,296126.00,-5.8,6.46,1.42,53.8,3.2,10633000.00,723582000.00,105549000000.00,61204000000.00,2.3,2700000.00,1977000.00,80.03,8,33.7,3.4,0.78,35.1,2532104.00,0.86,,7039.00,1.9,0.26
Turkmenistan,Central Asia,109037000.00,15000.00,26,2.88,488100.00,17.16,10000.00,-2.8,36.72,5.96,28.8,3.1,5205000.00,330507000.00,7458000000.00,4571000000.00,8,1563023.00,1998000.00,72.11,5,29.2,1.8,-1.69,18.6,5690818.00,0.95,5113.00,58592.00,2.03,5.08
Nigeria,Africa,104494000.00,4900.00,54,4.49,923768.00,34,65313.00,-1.8,55.17,8.52,21.8,0.5,11691000.00,8466000.00,44468000000.00,66107000000.00,16.95,115500000.00,65116000.00,61.79,"1,047",18.6,0.4,-0.21,8.9,230842743.00,2.53,3798.00,195000.00,4.57,9.79
Venezuela,South America,103708000.00,12500.00,444,2.51,912050.00,16.99,2561556.00,-46.1,14.1,6.55,38.9,1.3,32956000.00,85829000.00,83401000000.00,18432000000.00,"146,101.70",22734162.00,10245000.00,74.25,259,30,1.8,13.55,25.6,30518260.00,2.4,447.00,96189.00,2.2,6.41
Uzbekistan,Central Asia,102965000.00,7700.00,53,2.45,447400.00,15.18,4820009.00,0.3,18.55,5.43,24.3,4.9,16042000.00,57709000.00,16399000000.00,27774000000.00,10.85,26180000.00,14094000.00,75.55,30,30.1,2.9,-1.7,16.6,31360836.00,0.81,4642.00,86496.00,1.72,7.16
Czechia,Europe,99533000.00,40700.00,128,12.73,78867.00,8.43,3845426.00,1.6,2.37,10.77,34.7,5.1,22485000.00,161972000.00,204785000000.00,196243000000.00,3.84,9130000.00,5266000.00,79.96,3,43.3,0.96,2.32,26,10706242.00,0,9548.00,55744.00,1.5,2.89
Bangladesh,South Asia,96180000.00,5900.00,18,0,148460.00,17.5,10052819.00,-3.2,29.58,5.5,33.1,2.1,18461000.00,9917000.00,49386000000.00,85303000000.00,5.55,66300000.00,70961000.00,74.96,123,27.9,1.3,-2.88,3.6,167184465.00,0.91,2460.00,369105.00,2.08,5.23
Kuwait,Middle East,92582000.00,43900.00,7,0,17818.00,17.65,73948.00,-10,7.27,2.27,20.6,6.6,19371000.00,381985000.00,77121000000.00,48954000000.00,3.42,4300000.00,2363000.00,79.35,7,29.7,5,-4.07,37.9,3103580.00,1.13,,5749.00,2.22,3.71
Hong Kong,East and Southeast Asia,92493000.00,55900.00,2,,1108.00,7.85,2885586.00,5.2,2.52,8.03,0.1,4,14168000.00,172009000.00,608159000000.00,601528000000.00,1.57,6975000.00,3842000.00,83.8,,45.6,,1.65,,7288167.00,0.15,,2193.00,1.23,5.32
Chile,South America,88333000.00,25400.00,481,7.8,756102.00,12.57,3763826.00,-2.8,6.41,6.58,23.6,5.6,29808000.00,81953000.00,100634000000.00,102086000000.00,4.52,17100000.00,8684000.00,80.02,15,35.5,2,0.32,28,18549457.00,0.63,7281.50,77801.00,1.75,9.13
Colombia,South America,81007000.00,14600.00,836,4.09,1138910.00,15.06,7764772.00,-2.7,11.65,7.84,90.4,4.9,19769000.00,34703000.00,50793000000.00,70840000000.00,3.5,37960000.00,26137000.00,74.89,75,31.2,3.1,-1.85,22.3,49336454.00,0.54,2141.00,205379.00,1.94,14.34
Oman,Middle East,76321000.00,34300.00,132,0.47,309500.00,21.62,508949.00,-13.8,14.16,3.21,46.9,5.4,8601000.00,292022000.00,46324000000.00,36502000000.00,1.55,4320000.00,2259000.00,77.16,17,26.2,13.9,-0.46,27,3833465.00,1.8,,60230.00,2.67,3.12
Greece,Europe,70163000.00,29500.00,77,6.33,131957.00,7.52,4257026.00,0.8,3.49,12.02,252.29,4.4,21545000.00,108022000.00,87521000000.00,103532000000.00,1.22,7800000.00,4619000.00,81.71,8,45.3,2.3,1.03,24.9,10497595.00,-0.35,2345.00,117000.00,1.4,14.8
Romania,Europe,68746000.00,30800.00,45,10.96,238391.00,8.63,5684782.00,-2.8,5.65,14.92,57.11,3.7,20528000.00,71736000.00,115879000000.00,132056000000.00,5.05,15960000.00,8381000.00,76.31,10,42.5,1.41,-3.86,22.5,18326327.00,-1.01,10628.00,84185.00,1.63,5.17
Austria,Europe,65540000.00,54100.00,50,11.9,83871.00,9.39,2606000.00,-0.7,3.2,9.86,99.91,5.1,28376000.00,171299000.00,268277000000.00,265769000000.00,2.77,8277000.00,4661000.00,82.48,5,44.5,0.7,3.54,20.1,8940860.00,0.31,6123.00,137039.00,1.51,6.3
Israel,Middle East,61092000.00,39400.00,42,3.07,21937.00,17.3,2602079.00,-2,3.49,5.05,60.9,7.1,18993000.00,113273000.00,143884000000.00,124578000000.00,-0.59,8010000.00,4186000.00,83.54,3,30.4,5.5,1.99,26.1,9043387.00,1.43,1497.00,20391.00,2.54,4.33
Morocco,Africa,60200000.00,8100.00,62,0.51,716550.00,17.1,2102434.00,-3.6,18.73,6.61,65.1,6.8,14187000.00,24590000.00,47078000000.00,60047000000.00,1.4,32560000.00,11814000.00,73.95,72,29.1,3.4,-1.73,26.1,37067420.00,0.88,2067.00,57300.00,2.27,11.47
Peru,South America,54996000.00,12500.00,191,5.74,1285216.00,16.96,3044000.00,-3.1,10.8,11.04,34.67,4,15340000.00,36465000.00,66098000000.00,58611000000.00,4.27,24140000.00,18352000.00,68.94,69,29.1,1.2,-0.89,19.7,32440172.00,0.5,1854.40,18699.00,2.18,4.83
Belarus,Europe,54695000.00,19800.00,65,10.57,207600.00,8.87,3255552.00,2.9,3.23,12.81,33.24,4.7,11360000.00,102558000.00,49425000000.00,45459000000.00,9.46,8352000.00,4950000.00,74.54,1,40.9,1.5,0.72,24.5,9383853.00,-0.32,5528.00,86600.00,1.52,4.74
Portugal,Europe,50370000.00,33700.00,64,10.37,92090.00,7.99,4160795.00,-3,2.47,10.9,125.7,5,22364000.00,101734000.00,105648000000.00,112413000000.00,1.27,8200000.00,5174000.00,81.71,12,44.6,1.27,1.2,20.8,10223150.00,-0.17,2526.00,82900.00,1.44,6.65
Hungary,Europe,48589000.00,33600.00,41,10.79,93028.00,8.58,3382136.00,-2,4.55,12.89,96.11,4.8,10873000.00,108212000.00,148229000000.00,147577000000.00,5.11,8633000.00,4910000.00,77.44,15,43.6,1,1.21,26.4,9670009.00,-0.31,7687.00,203601.00,1.49,4.12
Sweden,Europe,48144000.00,53600.00,231,7.1,450295.00,10.76,4179574.00,1.3,2.28,9.5,44,7.2,43499000.00,210882000.00,290793000000.00,263269000000.00,2.16,8800000.00,5556000.00,82.8,5,41.1,1,3.79,20.6,10536338.00,0.51,10910.00,573134.00,1.67,8.66
Serbia,Europe,47735000.00,19800.00,26,7.45,77474.00,8.87,1730496.00,0.2,4.55,15.12,62.5,3.6,8986000.00,98195000.00,33726000000.00,39039000000.00,4.09,5589000.00,3176000.00,75.08,10,43.4,1.8,0,21.5,6693375.00,-0.63,3333.00,44248.00,1.46,11.81
Bahrain,Middle East,43112000.00,49400.00,4,1.18,760.00,12.3,148928.00,-10.1,9.98,2.83,88.5,2.2,6982000.00,547976000.00,30097000000.00,27187000000.00,-0.61,1500000.00,819100.00,80.13,16,32.9,4.6,-0.99,29.8,1553886.00,0.85,,4122.00,1.66,1.87
Finland,Europe,41996000.00,48800.00,148,8.23,338145.00,10.33,1846000.00,-0.6,2.11,10.37,61.3,5.9,20418000.00,216571000.00,116905000000.00,116277000000.00,2.19,5115000.00,2820000.00,81.96,8,42.8,1.4,2.25,22.2,5614571.00,0.22,5918.00,454000.00,1.74,7.53
Laos,East and Southeast Asia,40726000.00,7800.00,41,8.15,236800.00,20.35,128000.00,-5.5,36.56,6.26,63.6,2.3,9346000.00,73187000.00,7820000000.00,6527000000.00,3.76,4588000.00,3915000.00,68.59,126,24,0.2,-1.09,5.3,7852377.00,1.3,422.00,39586.00,2.3,1.26
New Zealand,Australia and Oceania,40344000.00,42900.00,123,9.17,268838.00,12.69,1764984.00,1.6,3.39,6.89,46.33,6,9615000.00,186804000.00,54777000000.00,62862000000.00,3.94,4896000.00,2911000.00,82.74,7,37.2,1.1,4.81,30.8,5109702.00,1.06,4128.00,94000.00,1.86,4.12
Trinidad and Tobago,Central America and the Caribbean,39652000.00,23000.00,4,5.81,5128.00,10.62,376771.00,-8.2,15.44,8.48,41.8,4.1,2123000.00,,11467000000.00,8592000000.00,2.06,1185000.00,702900.00,76.19,27,37.8,1.4,-0.97,18.6,1407460.00,0.12,,,1.63,4.8
Switzerland,Europe,38739000.00,71000.00,63,9.41,41277.00,10.3,4028238.00,1.1,3.51,8.37,20.91,5.2,22921000.00,137918000.00,571376000000.00,480522000000.00,0.58,8352000.00,4963000.00,83.42,7,42.7,0.7,4.5,19.5,8563760.00,0.64,5296.00,71557.00,1.58,5.32
Bulgaria,Europe,38373000.00,24400.00,68,11.18,110879.00,7.97,2115053.00,1.8,7.82,14.31,32.24,4,11097000.00,103924000.00,51505000000.00,50059000000.00,3.3,5175000.00,3291000.00,75.83,7,43.7,1.2,-0.29,25,6827736.00,-0.66,4029.00,19512.00,1.51,5.42
Libya,Africa,38297000.00,22000.00,146,0.01,1759540.00,20.88,332000.00,-25.1,10.95,3.45,4.7,,10516000.00,107118000.00,9537000000.00,14334000000.00,28.5,3095400.00,2280000.00,77.42,72,25.8,,-2.05,32.5,7252573.00,1.54,,37000.00,3.04,19.58
Norway,Europe,36731000.00,65700.00,95,6.05,323802.00,11.89,2387661.00,4.4,2.28,7.93,36.5,5.9,38360000.00,333833000.00,199074000000.00,140444000000.00,3.48,5346000.00,2971000.00,82.75,2,39.5,1.74,3.89,23.1,5597924.00,0.79,3848.00,94902.00,1.83,4.99
Ecuador,South America,36051000.00,10700.00,432,3.05,283561.00,16.19,2371297.00,-4.5,17.72,5.18,45.4,3.7,9354000.00,42564000.00,29325000000.00,28567000000.00,0.13,13680000.00,8528000.00,78.25,66,28.8,2.4,0,19.9,17483326.00,1.1,965.00,43950.00,2.02,6.43
Ireland,Europe,35475000.00,102500.00,40,10.91,70273.00,12.08,1516473.00,-0.3,3.41,6.74,71.58,3.1,11430000.00,133674000.00,677028000000.00,477544000000.00,2.36,4750000.00,2518000.00,81.87,5,37.8,0.3,3.76,25.3,5323991.00,0.91,1688.00,99830.00,1.91,6.63
Azerbaijan,Middle East,35389000.00,14400.00,23,1.38,86600.00,13.2,1995474.00,-1.6,22.93,6.92,54.1,4.3,7677000.00,64416000.00,25488000000.00,16337000000.00,6.65,8600000.00,4919000.00,74.42,41,32.6,3.7,0,19.9,10420515.00,0.63,2944.30,24981.00,1.86,6.58
Denmark,Europe,33850000.00,58000.00,80,9.16,43094.00,11.25,2590282.00,1.1,3,9.55,35.3,6.4,17655000.00,124163000.00,234262000000.00,208121000000.00,1.85,5841000.00,3051000.00,81.87,5,42,1.15,2.71,19.7,5946984.00,0.44,2682.00,74558.00,1.77,4.8
Slovakia,Europe,32506000.00,31900.00,35,10.3,49035.00,8.78,1701561.00,-1,4.74,10.18,77.36,4.6,7868000.00,129665000.00,107430000000.00,107358000000.00,3.15,4806000.00,2766000.00,78.55,5,41.8,1.1,0.2,20.5,5425319.00,-0.12,3627.00,56926.00,1.46,6.74
Burma,East and Southeast Asia,31848000.00,4000.00,64,2.06,676578.00,16.04,688185.00,-3.2,32.2,7.14,33.6,2.1,7247000.00,10679000.00,17523000000.00,17356000000.00,8.83,23760000.00,22122000.00,70.21,179,29.2,5.1,-1.36,5.8,57970293.00,0.75,5031.00,157000.00,2,2.17
Syria,Middle East,26893000.00,2900.00,90,0.13,187437.00,22.19,1549356.00,-8.7,15.48,4.07,94.8,,10082000.00,24567000.00,1850000000.00,6279000000.00,28.1,8492468.00,6143000.00,74.55,30,23.5,6.5,45.78,27.8,22933531.00,6.39,2052.00,69873.00,2.74,10.57
Dominican Republic,Central America and the Caribbean,26808000.00,18600.00,36,5.56,48670.00,17.8,1031858.00,-3,20.68,6.31,37.2,4.6,5674000.00,39016000.00,20509000000.00,28541000000.00,8.24,9350000.00,5027000.00,72.84,107,27.9,0.6,-2.66,27.6,10790744.00,0.88,496.00,19705.00,2.2,8.5
Lebanon,Middle East,25838000.00,13000.00,8,1.14,10400.00,12.86,432070.00,-6.9,6.88,5.57,146.8,1.7,3768000.00,53528000.00,10147000000.00,17383000000.00,154.76,4872000.00,1719000.00,79,21,33.7,4.6,-0.94,32,5331203.00,0.64,401.00,21705.00,1.71,14.49
Panama,Central America and the Caribbean,25263000.00,29000.00,117,6.54,75420.00,17.71,562413.00,-1.6,15.28,5.88,37.8,3.9,4106000.00,98946000.00,27237000000.00,24627000000.00,1.63,2992000.00,1966000.00,78.44,50,30.1,1.2,3.22,22.7,4404108.00,1.51,77.00,,2.37,12.09
Sri Lanka,South Asia,23939000.00,13400.00,18,2.58,65610.00,13.61,1781530.00,-5.5,8.04,6.54,79.1,1.9,4527000.00,17268000.00,13083000000.00,18271000000.00,7.01,14740000.00,8268000.00,78.24,29,33.7,2.2,-1.21,5.2,23326272.00,0.59,1562.00,114093.00,1.97,5.39
Tunisia,Africa,23692000.00,10400.00,29,1.51,163610.00,14.05,1334059.00,-5.8,11.57,6.38,70.3,7.3,5777000.00,35620000.00,19743000000.00,24269000000.00,5.71,9480000.00,4226000.00,77.07,37,32.7,4.4,-1.33,26.9,11976182.00,0.63,2173.00,,1.96,16.82
Jordan,Middle East,23470000.00,9200.00,18,0.25,89342.00,22.37,630545.00,-5.1,13.56,3.47,75.14,3.2,5644000.00,39331000.00,13864000000.00,23392000000.00,1.35,9130000.00,2865000.00,76.26,41,23.5,5.7,-10.99,35.5,11086716.00,0.79,509.00,7203.00,2.91,19.25
Mongolia,East and Southeast Asia,22740000.00,11700.00,44,5.46,1564116.00,15.37,307166.00,-6.4,19.77,6.33,73.94,4.7,1479000.00,83045000.00,7646000000.00,7340000000.00,7.35,2772000.00,1331000.00,71.65,39,29.8,0.9,-0.77,20.6,3255468.00,0.83,1815.00,113200.00,1.89,7.08
Angola,Africa,19362000.00,5900.00,102,5.84,1246700.00,41.42,230610.00,-6.7,57.2,7.8,65,2.4,7344000.00,11693000.00,33675000000.00,18845000000.00,25.75,11550000.00,14462000.00,62.51,222,15.9,2.9,-0.19,8.2,35981281.00,3.34,2761.00,26000.00,5.76,8.53
Guatemala,Central America and the Caribbean,19041000.00,8900.00,291,1.63,108889.00,21.88,612000.00,-1.3,25.57,4.89,31.56,3.1,5185000.00,19411000.00,15318000000.00,27388000000.00,4.26,9180000.00,6671000.00,73.18,96,23.2,0.4,-1.63,21.2,17980803.00,1.54,800.00,17440.00,2.57,3.57
Puerto Rico,Central America and the Caribbean,18999000.00,32600.00,29,,9104.00,7.84,671284.00,-0.7,5.92,10,51.6,3.6,6180000.00,94379000.00,73170000000.00,49010000000.00,1.8,2564100.00,1136000.00,81.89,34,43.6,,-10.76,,3057311.00,-1.29,,26862.00,1.25,8.27
"Korea, North",East and Southeast Asia,18465000.00,1700.00,82,3.61,120538.00,14.06,,-0.4,22,9.66,,,8413000.00,12610000.00,4582000000.00,2320000000.00,,,17160000.00,71.88,107,34.6,,-0.04,6.8,26072217.00,0.44,7435.00,25554.00,1.89,2.59
Ghana,Africa,18093000.00,5400.00,10,1.59,238533.00,28.04,78371.00,-6,31.87,5.99,71.8,3.9,5312000.00,11239000.00,23901000000.00,25967000000.00,9.97,22440000.00,14095000.00,69.72,263,21.4,0.3,-0.16,10.9,33846114.00,2.19,947.00,65725.00,3.61,4.7
Bolivia,South America,17786000.00,8100.00,855,2.98,1098581.00,18.08,931918.00,-7.8,22.28,4.33,49,9.8,3834000.00,27094000.00,11439000000.00,10799000000.00,0.74,7920000.00,6322000.00,72.5,161,25.3,1.5,-0.96,20.2,12186079.00,1.06,3960.00,90568.00,2.26,8.51
Kenya,Africa,17709000.00,4700.00,197,1.68,580367.00,26.01,674191.00,-6.7,26.94,4.95,54.2,4.8,3304000.00,6310000.00,11825000000.00,21853000000.00,6.11,15370000.00,23915000.00,70.04,530,20,1.4,-0.19,7.1,57052004.00,2.09,3819.00,161452.00,3.23,5.74
Sudan,Africa,17319000.00,3700.00,67,1.93,1861484.00,33.32,28782.00,-10.6,41.4,6.19,121.6,,4354000.00,8047000.00,5916000000.00,9788000000.00,382.82,13248000.00,12921000.00,67.45,270,18.3,2.9,-1.63,6.6,49197555.00,2.55,7251.00,31000.00,4.54,19.81
Ethiopia,Africa,16798000.00,2300.00,57,1.16,1104300.00,29.97,212000.00,-3.2,32.44,5.6,31.45,4.5,4856000.00,3219000.00,9496000000.00,20859000000.00,26.84,20400000.00,56664000.00,68.59,267,19.8,0.7,-0.19,4.5,116462712.00,2.42,659.00,120171.00,3.92,3.69
Croatia,Europe,16752000.00,31600.00,69,9.64,56594.00,8.6,1030973.00,0.8,8.58,12.98,104.89,5.5,4940000.00,89733000.00,35308000000.00,36331000000.00,2.55,3321000.00,1742000.00,77.47,5,43.9,1.7,-0.26,24.4,4169239.00,-0.47,2617.00,26958.00,1.46,8.68
Cuba,Central America and the Caribbean,16478000.00,12300.00,133,4.7,110860.00,9.99,231654.00,-10.8,4.07,9.37,47.7,,7479000.00,32785000.00,2630000000.00,11060000000.00,5.5,7810000.00,5135000.00,79.87,39,42.1,3.1,-2.53,24.6,10985974.00,-0.19,8367.00,60000.00,1.71,2.76
Bosnia and Herzegovina,Europe,16209000.00,15700.00,24,5.46,51197.00,8.31,770424.00,2.1,5.1,10.26,46.05,,4775000.00,71815000.00,9948000000.00,12726000000.00,1.98,2508000.00,1169000.00,78.22,6,43.3,0.9,-0.38,17.9,3807764.00,-0.23,965.00,22926.00,1.37,15.22
Lithuania,Europe,14503000.00,39300.00,61,11.93,65300.00,9.09,796814.00,0.5,3.61,15.17,53.28,4,3512000.00,101651000.00,53397000000.00,50377000000.00,4.68,2436000.00,1476000.00,75.95,9,44.5,2,-4.34,26.3,2655755.00,-1.04,1911.00,84166.00,1.61,7.9
Gibraltar,Europe,14256000.00,61700.00,1,,7.00,13.84,21009.00,1.1,6.13,8.74,7.5,,43000.00,0.00,202300000.00,2967000000.00,2.5,31152.00,24420.00,80.65,,35.5,,-3.24,,29629.00,0.19,,29.00,1.9,1
Cambodia,East and Southeast Asia,13844000.00,4400.00,16,4.56,181035.00,18.75,233732.00,-1.8,28.75,5.7,30.4,3.1,2954000.00,13629000.00,20126000000.00,32830000000.00,2.92,10200000.00,9345000.00,71.03,218,26.4,2,-2.67,3.9,16891245.00,1.04,642.00,47263.00,2.2,0.61
Slovenia,Europe,13553000.00,40000.00,16,11.05,20273.00,8.12,651604.00,0,1.51,10.46,73.6,5.8,4062000.00,134836000.00,51634000000.00,47665000000.00,1.92,1869000.00,1036000.00,82.02,5,44.9,1,1.54,20.2,2099790.00,-0.08,1207.00,38985.00,1.6,4.42
Cote d'Ivoire,Africa,11880000.00,5300.00,27,1.7,322463.00,27.92,260097.00,-4.2,54.04,7.45,47,3.4,2197000.00,8225000.00,13232000000.00,12660000000.00,4.09,12150000.00,8876000.00,62.71,480,20.3,1.2,1.16,10.3,29344847.00,2.16,660.00,81996.00,3.47,3.47
Tanzania,Africa,11491000.00,2600.00,166,7.81,947300.00,32.9,1135608.00,-1.8,30.25,5.02,37,3.3,1623000.00,3334000.00,8555000000.00,9181000000.00,3.69,20480000.00,29863000.00,70.48,238,18.2,1.1,-0.39,8.4,65642682.00,2.75,4097.00,145203.00,4.33,2.65
Luxembourg,Europe,11308000.00,115700.00,2,11,2586.00,11.59,235155.00,1.5,3.21,7.17,23,5,1899000.00,310068000.00,177831000000.00,148150000000.00,2.53,633600.00,333900.00,83.17,6,39.5,0.5,11.39,22.6,660924.00,1.58,271.00,2875.00,1.63,5.23
Senegal,Africa,10696000.00,3500.00,20,0.25,196722.00,30.84,153813.00,-3.6,31.75,5,48.3,5.5,1312000.00,9221000.00,5287000000.00,8960000000.00,2.55,9860000.00,4377000.00,70.25,261,19.4,1.5,-0.69,8.8,18384660.00,2.52,906.00,16665.00,4.17,3.72
Georgia,Middle East,10299000.00,15500.00,22,7.45,69700.00,10.79,986809.00,-3.8,14.45,10.76,65.88,3.6,4579000.00,63286000.00,8086000000.00,11151000000.00,9.57,2888000.00,1724000.00,77.74,28,38.6,2,0.06,21.7,4936390.00,0.01,1363.00,20295.00,1.75,10.66
Yemen,Middle East,10158000.00,2500.00,57,0.02,527968.00,24.05,391000.00,-5.2,45.54,5.54,74.5,,1772000.00,5453000.00,384500000.00,4079000000.00,24.7,8229624.00,7299000.00,67.83,183,19.8,,-0.19,17.1,31565602.00,1.83,,71300.00,2.91,13.57
Jamaica,Central America and the Caribbean,10002000.00,9600.00,28,3.46,10991.00,15.77,385603.00,0.5,10.92,7.44,106.28,6,1216000.00,49700000.00,4385000000.00,7414000000.00,5.86,2296000.00,1418000.00,76.01,99,29.4,0.9,-7.42,24.7,2820982.00,0.09,,22121.00,2.05,9.18
Brunei,East and Southeast Asia,9956000.00,60100.00,1,0.69,5765.00,15.98,71078.00,-17.3,10.26,3.85,2.8,4.4,1261000.00,415184000.00,11202000000.00,9219000000.00,1.73,441000.00,219800.00,78.61,44,31.1,3.6,2.15,14.1,484991.00,1.43,,2976.00,1.74,7.65
Malta,Europe,9576000.00,44700.00,1,8.07,316.00,9.59,213419.00,3.9,4.45,8.61,50.7,5.9,784000.00,267739000.00,22110000000.00,21362000000.00,1.5,461100.00,280300.00,83.39,3,42.3,0.5,4.96,28.9,467138.00,0.59,,3096.00,1.51,3.5
Honduras,Central America and the Caribbean,8523000.00,5600.00,103,2.73,112090.00,17.64,396916.00,-2.7,14.77,4.69,39.5,6.4,3991000.00,19800000.00,7941000000.00,14495000000.00,4.48,4800000.00,4314000.00,75.43,72,24.4,1.7,-1.32,21.4,9571352.00,1.16,699.00,14742.00,1.98,8.51
Latvia,Europe,8450000.00,32100.00,42,12.9,64589.00,8.5,490569.00,-0.5,4.78,14.69,36.3,6,3089000.00,86645000.00,25248000000.00,26622000000.00,3.28,1729000.00,955000.00,76.16,18,44.4,1.6,-5.06,23.6,1821750.00,-1.13,2216.00,70244.00,1.55,7.6
Costa Rica,Central America and the Caribbean,8115000.00,21200.00,161,3.07,51100.00,14.03,992725.00,-6.1,8.2,4.97,48.9,6.7,3674000.00,44899000.00,23761000000.00,22298000000.00,1.73,4316000.00,2426000.00,79.87,22,32.6,0.7,0.76,25.7,5256612.00,0.98,278.00,5035.00,1.86,17.95
Moldova,Europe,8114000.00,14000.00,7,7.45,33851.00,9.94,719001.00,-0.6,11.38,12.51,33.01,6.4,594000.00,40398000.00,4197000000.00,7915000000.00,5.11,1891000.00,810000.00,72.72,12,37.7,0.4,-8.8,18.9,3250532.00,-1.14,1171.00,9352.00,1.59,3.96
Cyprus,Europe,8024000.00,41700.00,15,9.59,9251.00,10.37,332080.00,1.8,8.2,6.99,97.5,6.1,1881000.00,133920000.00,24551000000.00,23748000000.00,2.45,809900.00,655100.00,79.96,68,37.9,1.4,6.65,21.8,1308120.00,1,,12901.00,1.48,6.13
Kosovo,Europe,8009000.00,11900.00,6,,10887.00,14.57,,-2.1,24.93,7.65,21.2,,1424000.00,51462000.00,3138000000.00,6128000000.00,3.35,1756300.00,500300.00,72.15,,30.5,0.8,-0.71,,1964327.00,0.62,437.00,2012.00,1.88,30.5
Zimbabwe,Africa,7902000.00,2100.00,196,3.11,390757.00,32.77,203461.00,-9.6,27.67,8.51,82.3,3.9,2473000.00,11516000.00,5263000000.00,5489000000.00,98.55,5600000.00,7916000.00,63.79,357,20.5,1.8,-4.74,15.5,15418674.00,1.95,3427.00,97267.00,3.88,5.17
Paraguay,South America,7896000.00,13700.00,799,5.47,406752.00,16.15,562369.00,-1.1,22.6,4.9,19.5,3.3,8831000.00,62775000.00,14154000000.00,13454000000.00,4.79,5159000.00,3430000.00,78.61,71,29.7,1,-0.07,20.3,7439863.00,1.12,30.00,78811.00,1.88,7.21
Afghanistan,South Asia,7893000.00,1500.00,46,0.01,652230.00,34.79,26570.00,-15.1,103.06,12.08,7,2.9,776000.00,3227000.00,1476000000.00,6983000000.00,2.3,7020000.00,9390000.00,54.05,620,19.5,3.1,-0.1,5.5,39232003.00,2.26,,34903.00,4.53,13.28
Kyrgyzstan,Central Asia,7880000.00,4800.00,28,4.02,199951.00,19.08,289000.00,-3.2,25.08,6.07,72.23,6.2,4626000.00,35059000.00,3350000000.00,5919000000.00,11.91,5070000.00,2478000.00,72.63,50,27.3,2.6,-4.83,16.6,6122781.00,0.82,424.00,34000.00,2.47,9.1
Mozambique,Africa,7753000.00,1200.00,98,1.46,799380.00,36.94,70000.00,-5.6,59.77,9.93,102.88,6.3,2765000.00,8107000.00,6404000000.00,10392000000.00,5.69,5440000.00,14137000.00,57.7,127,17,0.9,-1.54,7.2,32513805.00,2.55,4787.00,31083.00,4.74,3.98
Nepal,South Asia,7708000.00,3800.00,47,0.36,147181.00,17.26,1270000.00,-0.1,24.55,5.59,39.05,4.2,1392000.00,5219000.00,2520000000.00,16993000000.00,4.09,15600000.00,16884000.00,72.67,174,25.3,2.6,-4.29,4.1,30899443.00,0.74,59.00,27990.00,1.88,5.05
Tajikistan,Central Asia,7643000.00,3900.00,24,0.85,144100.00,20.28,6000.00,-1.5,31.62,5.67,50.4,5.9,7114000.00,27651000.00,2161000000.00,4258000000.00,7.7,3009054.00,2500000.00,69.66,17,25.3,2.2,-1.02,14.2,9245937.00,1.36,680.00,30000.00,2.42,7.75
El Salvador,Central America and the Caribbean,7632000.00,9100.00,68,2.94,21041.00,17.49,586000.00,-2.5,11.9,5.92,71.41,4.1,2586000.00,24124000.00,8491000000.00,15754000000.00,3.47,3969000.00,2658000.00,75.63,43,27.7,1,-7.01,24.6,6602370.00,0.46,12.50,9012.00,2.04,5.94
North Macedonia,Europe,7383000.00,16500.00,10,3.9,25713.00,10.33,475569.00,-2.7,7.16,9.61,39.3,,1928000.00,53572000.00,9157000000.00,11354000000.00,3.23,1743000.00,916200.00,77.09,3,39,0.9,0.38,22.4,2133410.00,0.11,699.00,14182.00,1.52,16.2
Mauritius,Africa,7191000.00,21000.00,5,3.39,2040.00,9.82,323200.00,-0.3,11.84,8.95,57.96,4.9,936000.00,79448000.00,3198000000.00,6082000000.00,4.03,884000.00,597900.00,75.13,84,36.3,0.3,0,10.8,1309448.00,0.09,,2428.00,1.35,7.41
Cameroon,Africa,7105000.00,3700.00,33,4.09,475440.00,35.13,722579.00,-3.4,47.4,7.54,36.9,3.2,1754000.00,6187000.00,7449000000.00,9027000000.00,2.27,12420000.00,11810000.00,63.74,438,18.5,1.5,-0.3,11.4,30135732.00,2.73,987.00,77589.00,4.5,3.87
Benin,Africa,6903000.00,3300.00,6,1.25,112622.00,40.72,29981.00,-6.2,54.33,7.82,54.6,3,475000.00,8468000.00,3506000000.00,3942000000.00,1.73,4420000.00,5295000.00,62.6,523,17,0.7,0.24,9.6,14219908.00,3.31,438.00,16000.00,5.39,1.57
Zambia,Africa,6798000.00,3200.00,88,3.82,752618.00,34.48,82317.00,-7.3,36.33,6.02,103.7,3.7,3065000.00,11595000.00,11716000000.00,7701000000.00,22.02,3990000.00,8113000.00,66.6,135,16.9,1.5,0.16,8.1,20216029.00,2.86,3126.00,67671.00,4.49,13.03
Papua New Guinea,East and Southeast Asia,6491000.00,3700.00,561,1.26,462840.00,28.54,21000.00,-4.8,32.81,5.48,48.68,1.4,1139000.00,11316000.00,10597000000.00,4844000000.00,4.48,3168000.00,3073000.00,69.74,192,24,0.5,0,21.3,9819350.00,2.31,,9349.00,3.85,2.75
Uruguay,South America,6450000.00,22800.00,133,5.42,176215.00,12.65,1063701.00,-3.5,8.14,9.12,60.4,4.6,5348000.00,66909000.00,18820000000.00,15051000000.00,7.75,3060000.00,1702000.00,78.66,19,35.5,1.9,-0.88,27.9,3416264.00,0.27,1673.00,77732.00,1.75,10.45
Armenia,Middle East,6354000.00,14200.00,7,3.77,29743.00,10.8,430407.00,-4.8,11.89,9.54,63.4,2.8,3633000.00,53019000.00,5012000000.00,6120000000.00,7.18,2212000.00,1153000.00,76.4,27,36.6,4.6,-5.28,20.2,2989091.00,-0.4,686.00,7700.00,1.65,20.9
Botswana,Africa,5965000.00,14800.00,74,5.98,581730.00,19.95,259525.00,-1,24.41,8.98,19.66,8.7,766000.00,34095000.00,7931000000.00,9277000000.00,7.24,1924000.00,1050000.00,66.04,186,25.7,3.1,2.77,18.9,2417596.00,1.37,888.00,31747.00,2.37,24.72
New Caledonia,Australia and Oceania,5886000.00,31100.00,25,,18575.00,13.96,55000.00,0,4.92,5.92,6.5,,1071000.00,0.00,2207000000.00,4400000000.00,1.4,237800.00,132200.00,79.06,,32.9,,3.62,,300682.00,1.17,,5622.00,1.84,16.57
Uganda,Africa,5841000.00,2200.00,47,6.82,241038.00,40.27,58594.00,-4.1,29.44,4.87,44.19,2.7,2397000.00,2943000.00,6177000000.00,10705000000.00,2.2,4600000.00,16995000.00,69.32,284,15.7,1.3,-3.16,5.3,47729952.00,3.22,1244.00,20544.00,5.26,2.94
Mali,Africa,5679000.00,2100.00,25,0.6,1240192.00,40.54,243806.00,-2.9,58.99,8.3,35.4,4.4,890000.00,4396000.00,5196000000.00,6339000000.00,3.93,7480000.00,7900000.00,62.81,440,16,2.8,-2.99,8.6,21359722.00,2.93,593.00,139107.00,5.45,7.72
Estonia,Europe,4924000.00,38700.00,18,11.65,45228.00,8.48,415610.00,-0.3,3.38,13.13,23.77,6.6,3030000.00,76329000.00,29056000000.00,29234000000.00,4.65,1183000.00,704700.00,78.12,5,43.7,2.07,-2.73,21.2,1202762.00,-0.74,1441.00,58412.00,1.62,6.33
Nicaragua,Central America and the Caribbean,4851000.00,5600.00,147,3.69,130370.00,16.3,290351.00,-2,18.63,5.19,33.3,4.6,1837000.00,14916000.00,6617000000.00,8306000000.00,4.93,3933000.00,3042000.00,75.05,78,27.3,0.5,-2.04,23.7,6359689.00,0.91,,23897.00,1.78,5.96
Equatorial Guinea,Africa,4528000.00,14600.00,7,6.11,28051.00,29.46,1000.00,-3.3,77.85,8.9,37.4,,349000.00,57596000.00,8776000000.00,6245000000.00,4.77,864000.00,549800.00,63.8,212,20.3,1.2,13.01,8,1737695.00,3.36,,2880.00,4.19,9.24
"Congo, Republic of the",Africa,4523000.00,3200.00,27,5.74,342000.00,31.55,1000.00,-7,46.62,8.23,130.8,4.5,629000.00,16156000.00,4670000000.00,3279000000.00,1.72,1794390.00,2268000.00,62.51,282,19.5,4.2,0,9.6,5677493.00,2.33,510.00,23324.00,4.32,23.01
Burkina Faso,Africa,4444000.00,2200.00,23,7.28,274200.00,32.71,13979.00,-7.9,48.17,7.5,72.53,5.5,392000.00,3230000.00,5356000000.00,4779000000.00,3.65,4840000.00,8016000.00,63.82,264,17.9,1.2,-0.59,5.6,22489126.00,2.46,622.00,15304.00,4.14,4.76
Madagascar,Africa,4218000.00,1500.00,83,0.89,587041.00,28.14,32000.00,-2.7,38.27,5.92,36,3.1,587000.00,2307000.00,3341000000.00,4768000000.00,5.81,5800000.00,14813000.00,68.47,392,20.3,0.5,0,5.3,28812195.00,2.22,836.00,31640.00,3.55,2.59
Mauritania,Africa,4041000.00,5300.00,30,0,1030700.00,27.61,18457.00,-0.8,49.95,7.33,96.6,1.9,656000.00,13558000.00,3180000000.00,4312000000.00,3.57,2714000.00,1197000.00,65.57,465,21,2.5,-0.71,12.7,4244878.00,1.96,728.00,12253.00,3.46,11.46
"Bahamas, The",Central America and the Caribbean,3984000.00,30200.00,54,9.48,13880.00,14.49,83000.00,-2.6,12.52,6.47,84.45,2.8,578000.00,140505000.00,3202000000.00,4924000000.00,2.9,385400.00,224400.00,76.38,77,32.8,0.9,0,31.6,358508.00,0.8,,2700.00,1.97,13.24
Namibia,Africa,3831000.00,9100.00,112,2.38,824292.00,24.68,71063.00,-5.5,28.49,6.64,4.64,9.6,640000.00,29811000.00,3955000000.00,6055000000.00,3.62,1325000.00,939000.00,67.04,215,21.8,4.1,0,17.2,2777232.00,1.8,2628.00,48875.00,2.94,21.68
Albania,Europe,3794000.00,14500.00,3,4.4,28748.00,12.48,508937.00,-2,10.54,7.36,84.06,3.1,2531000.00,38442000.00,5612000000.00,8004000000.00,2.04,2291000.00,1378000.00,79.7,8,34.3,1.1,-3.22,21.7,3101621.00,0.19,424.00,3945.00,1.55,11.82
Gaza Strip,Middle East,3341000.00,5600.00,1,,360.00,27.2,376911.00,,14.87,2.88,,5.3,215000.00,13604000.00,3180000000.00,10245000000.00,1.24,3602452.00,1249000.00,75.66,20,18,,-4.46,,2037744.00,1.99,,,3.34,24.9
West Bank,Middle East,3341000.00,5600.00,2,,5860.00,24.02,373050.00,0.4,14.91,3.38,24.4,5.3,215000.00,13604000.00,3180000000.00,10245000000.00,1.24,3938199.00,1249000.00,76.63,20,21.9,,-4.02,,3050760.00,1.66,,4686.00,2.91,24.9
Iceland,Europe,3337000.00,53600.00,96,7.72,103000.00,12.8,141816.00,1.5,1.63,6.57,100.02,7.7,2967000.00,,9775000000.00,10234000000.00,4.44,370000.00,200300.00,83.83,3,37.1,,2.69,21.9,360872.00,0.89,,12898.00,1.95,5.4
Haiti,Central America and the Caribbean,3139000.00,2900.00,14,2.85,27750.00,20.81,31000.00,-1,38.78,7.17,31.1,1.4,3453000.00,3970000.00,1241000000.00,5222000000.00,16.84,4290000.00,5010000.00,66.3,350,24.1,,-1.86,22.7,11470261.00,1.18,,4102.00,2.39,15.73
Guinea,Africa,2981000.00,2600.00,16,0.33,245857.00,35.47,1000.00,-0.5,48.32,7.97,37.9,2.2,992000.00,4133000.00,10266000000.00,5353000000.00,12.6,4900000.00,4890000.00,64.27,553,19.1,1.9,0,7.7,13607249.00,2.75,1086.00,44301.00,4.82,6.34
Guyana,South America,2743000.00,21900.00,117,5.11,214969.00,16.74,95000.00,-4.5,21.63,6.95,52.2,4.5,380000.00,48608000.00,4640000000.00,6611000000.00,5.03,680000.00,299300.00,72.15,112,27.5,1.1,-6.99,20.2,791739.00,0.28,,3995.00,2.06,16.42
"Congo, Democratic Republic of the",Africa,2653000.00,1100.00,198,0.56,2344858.00,39.64,31000.00,-0.9,59.12,7.74,18.1,2.7,2919000.00,1371000.00,22354000000.00,22193000000.00,41.5,21102720.00,33382000.00,62.23,547,16.7,1.3,-0.63,6.7,111859928.00,3.13,4007.00,152373.00,5.56,5.43
Gabon,Africa,2651000.00,13800.00,44,6.47,267667.00,25.89,44607.00,-1.9,27.7,5.59,62.7,3.2,784000.00,26786000.00,10800000000.00,5020000000.00,1.18,1656000.00,718400.00,70.03,227,21,1.5,3.59,15,2397368.00,2.39,649.00,14300.00,3.26,22.26
Montenegro,Europe,2447000.00,20600.00,5,9.91,13812.00,11.04,184176.00,-5.6,3.2,10.3,67.2,,1007000.00,77286000.00,2502000000.00,3637000000.00,2.41,516600.00,277400.00,77.99,6,39.6,1.4,-4.99,23.3,602445.00,-0.43,250.00,7762.00,1.81,18.49
Virgin Islands,Central America and the Caribbean,2438000.00,37000.00,2,,1910.00,11.35,,-0.4,7.49,8.99,53.3,,321000.00,,1810000000.00,2489000000.00,1,67508.00,42200.00,80.49,,41.8,,-7.3,,104917.00,-0.49,,1260.00,1.98,13.27
Niger,Africa,2374000.00,1200.00,30,0.11,1267000.00,46.86,12000.00,-5,65.53,9.66,45.3,3.8,324000.00,1540000.00,1338000000.00,3542000000.00,3.84,5500000.00,9411000.00,60.48,441,14.8,1.6,-0.62,5.5,25396840.00,3.66,,18949.00,6.73,0.75
Suriname,South America,2372000.00,14800.00,55,6.6,163820.00,15.17,92270.00,-7.8,29.91,6.63,69.3,5,542000.00,82356000.00,2299000000.00,1876000000.00,59.11,402600.00,244200.00,72.57,96,31,1.1,2.51,26.4,639759.00,1.11,,4304.00,1.91,10.06
Maldives,South Asia,2286000.00,18800.00,9,1.38,298.00,15.33,63685.00,-10.1,25.02,4.2,63.9,5.8,545000.00,59690000.00,3950000000.00,3501000000.00,0.54,447200.00,229300.00,77.19,57,29.5,,-12.8,8.6,389568.00,-0.17,,93.00,1.7,6.08
Togo,Africa,2244000.00,2100.00,8,1.4,56785.00,31.39,52706.00,-3.8,39.79,5.16,75.7,4,210000.00,4113000.00,1722000000.00,2389000000.00,1.83,3010000.00,2965000.00,71.71,399,20,1.8,-1.77,8.4,8703961.00,2.45,568.00,9951.00,4.18,4
Macau,East and Southeast Asia,2012000.00,55200.00,1,,28.00,8.82,208000.00,10,4.5,4.81,0,6.3,478000.00,81407000.00,26625000000.00,15216000000.00,0.81,607200.00,404500.00,85.16,,40.8,,3.13,,639971.00,0.71,,428.00,1.23,3.01
Guam,Australia and Oceania,1828000.00,35600.00,5,,544.00,18.33,3000.00,-1,11.2,6.08,22.1,,455000.00,152767000.00,1124000000.00,2964000000.00,1,136850.00,76200.00,77.74,,29.4,,-10.94,,169330.00,0.13,,1045.00,2.76,6.98
South Sudan,Africa,1778000.00,1600.00,89,,644329.00,37.07,200.00,-1.3,61.63,9.22,62.7,1.5,121000.00,2404000.00,4652000000.00,4037000000.00,10.52,869000.00,4278000.00,59.71,"1,223",18.6,10.6,19.98,6.6,12118379.00,4.78,248.00,90200.00,5.2,13.91
Chad,Africa,1771000.00,1400.00,59,0.55,1284000.00,39.85,,-1.5,63.99,9.21,52.5,2.9,87000.00,1575000.00,2464000000.00,2160000000.00,-0.77,3060000.00,5246000.00,59.57,"1,063",16.1,2.5,-0.12,6.1,18523165.00,3.05,,40000.00,5.35,1.88
Barbados,Central America and the Caribbean,1703000.00,13800.00,1,9.94,430.00,10.73,128000.00,-4,9.79,8.03,146.93,6.5,311000.00,83723000.00,550000000.00,2213000000.00,4.1,240800.00,139100.00,78.79,39,39.5,0.8,-0.29,23.1,303431.00,0.24,,1700.00,1.7,10.41
Fiji,Australia and Oceania,1691000.00,10400.00,28,2.71,18274.00,16.25,23062.00,-4,9.85,6.44,48.9,5.7,393000.00,32901000.00,1171000000.00,2344000000.00,0.16,809600.00,372200.00,74.54,38,29.9,1.3,-5.65,30.2,947760.00,0.42,597.00,3440.00,2.23,5.24
Malawi,Africa,1542000.00,1500.00,32,2.04,118484.00,27.29,12255.00,-3.4,32.68,4.51,44.89,2.9,618000.00,1809000.00,1538000000.00,3582000000.00,8.63,4800000.00,8551000.00,72.71,381,16.8,0.6,0,5.8,21279597.00,2.28,767.00,15452.00,3.3,7.02
Liberia,Africa,1346000.00,1400.00,29,3.12,111369.00,36.26,13000.00,-4.3,43.2,6.46,34.4,2.7,196000.00,3790000.00,554013000.00,1244000000.00,23.56,1768000.00,2289000.00,65.8,652,18,0.4,-2.67,9.9,5506280.00,2.71,429.00,10600.00,4.73,4.09
Wake Island,Australia and Oceania,1275000.00,,1,,7.00,,,,,,,,0.00,0.00,,,,,,,,,,,,,,,,,
Aruba,Central America and the Caribbean,1254000.00,38900.00,1,,180.00,11.69,19000.00,-2.7,11.79,8.69,86,5.5,296000.00,174629000.00,2201000000.00,1947000000.00,4.26,106800.00,51610.00,78.25,,39.9,,8.08,,123702.00,1.11,,1000.00,1.82,7.7
Eswatini,Africa,1224000.00,8900.00,14,7.68,17364.00,22.83,12000.00,-8.5,38.12,9.53,28.4,5,286000.00,19371000.00,2132000000.00,2173000000.00,2.6,708000.00,383500.00,60.22,437,23.7,2.2,-6.07,16.5,1130043.00,0.72,301.00,3769.00,2.41,25.76
Rwanda,Africa,1189000.00,2200.00,7,6.35,26338.00,25.7,17685.00,-4.3,25.64,5.77,40.5,3.8,265000.00,1704000.00,2110000000.00,3856000000.00,-0.39,3900000.00,6776000.00,66.21,259,19.7,1.2,-3.16,5.8,13400541.00,1.68,,4700.00,3.23,1.61
Seychelles,Africa,1156000.00,28800.00,14,9.48,455.00,12.1,34966.00,-0.5,10.38,6.9,63.6,5.2,157000.00,163060000.00,1751000000.00,1821000000.00,8.28,90200.00,51000.00,76.36,3,36.8,1.4,0.81,14,97617.00,0.6,,526.00,1.81,3
French Polynesia,Australia and Oceania,1030000.00,17000.00,54,,4167.00,13.22,64000.00,1.2,4.34,5.67,,,272000.00,0.00,1245000000.00,2235000000.00,0,218100.00,130100.00,78.66,,33.3,,-0.61,,301488.00,0.7,,2590.00,1.8,14.39
Cabo Verde,Africa,1002000.00,6100.00,9,4.7,4033.00,18.19,24839.00,-3,22.96,5.77,125.8,7.6,205000.00,26539000.00,459923000.00,1117000000.00,1.86,413000.00,234300.00,74.02,42,26.8,0.6,-0.57,11.8,603901.00,1.19,,1350.00,2.11,15.42
Bhutan,South Asia,934000.00,10900.00,3,0.07,38394.00,15.61,3189.00,-3.4,25.61,6.05,117.33,7,2334000.00,100135000.00,741602000.00,1027000000.00,7.35,670800.00,361000.00,73.01,60,29.1,,0,6.4,876181.00,0.96,,12205.00,1.77,4.33
Sierra Leone,Africa,899000.00,1600.00,8,3.22,71740.00,31.49,,-7.9,72.3,9.14,63.9,9.1,180000.00,1803000.00,700971000.00,1418000000.00,11.87,1047499.00,2858000.00,59.07,443,19.1,0.4,1.72,8.7,8908040.00,2.41,,11701.00,3.71,5.33
Somalia,Africa,882000.00,1100.00,52,0,637657.00,37.71,119000.00,-0.1,85.06,11.43,76.7,0.3,91000.00,802000.00,819000000.00,94430000000.00,1.5,2465000.00,3042000.00,56.12,621,18.5,5.6,-1.42,8.3,12693796.00,2.49,,15000.00,5.22,19.86
Faroe Islands,Europe,870000.00,40000.00,1,,1393.00,14.94,18443.00,-1.7,5.86,8.61,35,7.6,128000.00,0.00,1184000000.00,978400000.00,-0.3,51728.00,27540.00,81.47,,37.2,,0,,52600.00,0.63,,960.00,2.28,2.2
Cayman Islands,Central America and the Caribbean,808000.00,67500.00,3,,264.00,11.62,3200.00,4.8,7.47,6.06,,2.1,174000.00,175578000.00,3652000000.00,2507000000.00,2,55148.00,39000.00,82.25,,40.5,,12.34,,65483.00,1.79,,785.00,1.82,4
Eritrea,Africa,798000.00,1600.00,13,0.93,117600.00,26.72,5000.00,-9.8,40.63,6.6,131.2,,228000.00,3217000.00,624300000.00,1127000000.00,9,792000.00,1675000.00,67.19,322,20.3,10.3,-9.38,5,6274796.00,1.08,306.00,16000.00,3.5,8.05
Bermuda,North America,796000.00,80300.00,1,,54.00,10.97,23000.00,-2.9,2.17,9.2,43,1.9,172000.00,176312000.00,1123000000.00,1925000000.00,1.9,64000.00,33480.00,82.25,,43.6,,1.43,,72576.00,0.32,,447.00,1.89,7
Lesotho,Africa,736000.00,2300.00,24,3.56,30355.00,23.01,5060.00,-6,47.04,10.9,33.7,8.7,74000.00,7823000.00,1080000000.00,2221000000.00,6.05,1104000.00,955600.00,59.87,566,24.7,1.9,-4.52,16.6,2210646.00,0.76,,5940.00,2.88,24.6
Antigua and Barbuda,Central America and the Caribbean,729000.00,19100.00,3,11.88,443.00,15.01,8000.00,-2.4,13.95,5.69,86.8,3.8,117000.00,107154000.00,749476000.00,868797000.00,2.06,89280.00,30000.00,78.04,21,32.7,,2.01,18.9,101489.00,1.13,,1170.00,1.94,11
Burundi,Africa,715000.00,700.00,7,4.07,27830.00,34.87,4230.00,-5.7,36.75,5.85,51.7,5,100000.00,1087000.00,285105000.00,905294000.00,8.4,754000.00,5271000.00,67.77,494,17.7,2.4,6.84,5.4,13162952.00,3.59,,12322.00,4.96,1.79
Saint Lucia,Central America and the Caribbean,659000.00,13000.00,2,9.3,616.00,11.73,33000.00,0.3,11.75,8.17,70.7,3.6,92000.00,50872000.00,890724000.00,846484000.00,2.41,140400.00,99900.00,79.18,73,36.9,,-0.82,19.7,167591.00,0.27,,1210.00,1.72,16.91
Djibouti,Africa,610000.00,4900.00,13,0.21,23200.00,22.03,25053.00,-9,46.02,7.08,31.8,3.6,130000.00,8869000.00,5160000000.00,5483000000.00,1.78,759000.00,240500.00,65.61,234,24.9,3.3,4.37,13.5,976143.00,1.93,97.00,2893.00,2.13,28.39
"Gambia, The",Africa,606000.00,2100.00,1,2.67,11300.00,28.03,5000.00,-2.6,36.44,5.71,88,2.8,137000.00,3547000.00,135448000.00,726000000.00,7.37,858000.00,856100.00,67.98,458,21.8,1,-0.04,10.3,2468569.00,2.23,,2977.00,3.66,11.21
Greenland,North America,605000.00,41800.00,15,,2166086.00,13.66,15649.00,5.6,8.6,9.07,13,10.2,187000.00,,407100000.00,783500000.00,0.3,38920.00,26840.00,74.25,,34.3,,-4.95,,57777.00,-0.04,,,1.9,9.1
Belize,Central America and the Caribbean,541000.00,8800.00,47,5.93,22966.00,20.93,36000.00,-1,10.9,3.89,99,8.7,204000.00,31552000.00,1044000000.00,1252000000.00,3.24,248000.00,176900.00,76.08,130,23.9,1.3,-0.95,24.1,419137.00,1.61,,3281.00,2.59,8.22
Timor-Leste,East and Southeast Asia,538000.00,5000.00,6,0.41,14874.00,30.36,75.00,-75.7,32.93,5.55,3.8,4.2,284000.00,5740000.00,2315000000.00,1523000000.00,0.96,507000.00,569700.00,70.21,204,19.6,1.2,-3.81,3.8,1476042.00,2.1,,6040.00,4.09,5.07
Jersey,Europe,450000.00,56600.00,1,,116.00,12.31,39699.00,-0.4,3.81,7.75,,,,,,,3.7,96038.00,86800.00,82.83,,37.5,,1.5,,102785.00,0.61,,576.00,1.66,7.37
Samoa,Australia and Oceania,355000.00,5500.00,4,2.18,2831.00,19.03,1692.00,-4.7,17.76,5.38,49.1,4.8,50000.00,27111000.00,97774000.00,376791000.00,3.13,171600.00,58400.00,75.46,59,25.6,,-7.19,47.3,207501.00,0.65,,1150.00,2.37,9.15
American Samoa,Australia and Oceania,355000.00,11200.00,3,,224.00,16.18,,-2.1,9.87,6.19,12.2,,47000.00,88796000.00,428000000.00,615000000.00,-0.5,18135.00,17850.00,75.58,,27.2,,-27.36,,44620.00,-1.74,,241.00,2.13,29.8
Guinea-Bissau,Africa,342000.00,1800.00,8,3.21,36125.00,36.25,2383.00,-1.3,47.69,7.32,53.9,2.7,28000.00,2460000.00,232536000.00,439000000.00,2.24,735000.00,867500.00,64.1,725,18,1.6,-3.54,9.5,2078820.00,2.54,,4400.00,4.65,6.76
Solomon Islands,Australia and Oceania,333000.00,2400.00,36,1.19,28896.00,22.34,1000.00,-2.9,19.53,3.95,11.46,12.8,40000.00,6955000.00,413657000.00,619460000.00,-0.12,255600.00,366000.00,76.96,122,23.5,,-1.52,22.5,714766.00,1.69,,1390.00,2.82,1.03
Comoros,Africa,326000.00,3200.00,4,0.18,2235.00,22.06,1066.00,-6.5,56.01,6.49,32.4,2.6,35000.00,5346000.00,139575000.00,407000000.00,1,221400.00,219900.00,67.5,217,20.9,,-2.22,7.8,888378.00,1.34,,880.00,2.69,9.45
Grenada,Central America and the Caribbean,316000.00,13700.00,3,8.62,344.00,13.61,32000.00,3.2,9.2,8.34,70.4,3.6,55000.00,39799000.00,393766000.00,650000000.00,1.22,93600.00,55270.00,76,21,33.3,,-2.34,21.3,114299.00,0.29,,1127.00,1.92,24
Marshall Islands,Australia and Oceania,293700.00,6000.00,15,,181.00,21.61,1000.00,1.3,21.13,4.3,41.71,13.6,,,76734000.00,171201000.00,0,16254.00,10670.00,74.92,,23.8,,-4.31,52.9,80966.00,1.3,,2028.00,2.72,36
Central African Republic,Africa,285000.00,800.00,39,0.94,622984.00,32.37,499.00,-0.9,81.74,11.51,52.9,2.2,38000.00,1121000.00,113700000.00,393100000.00,4.26,605000.00,2015000.00,55.96,835,20,1.4,-3.16,7.5,5552228.00,1.77,,24000.00,3.99,6.57
Saint Kitts and Nevis,Central America and the Caribbean,268000.00,26500.00,2,8.84,261.00,12.06,30000.00,1.7,8.19,7.32,62.9,2.5,71000.00,71960000.00,408471000.00,441192000.00,1.2,37920.00,18170.00,77.33,,36.5,,1.15,22.9,54817.00,0.59,50.00,383.00,1.76,4.5
Turks and Caicos Islands,Central America and the Caribbean,245000.00,29100.00,8,,948.00,13.24,,,11.32,3.52,,4.5,85000.00,0.00,827000000.00,544219000.00,4,37008.00,4848.00,81.04,,34.6,,8.42,,59367.00,1.81,,121.00,1.7,10
Vanuatu,Australia and Oceania,225000.00,2800.00,31,1.6,12189.00,21.19,2785.00,-0.9,14,3.99,48.4,2.2,35000.00,10878000.00,88805000.00,495858000.00,2.34,211200.00,132700.00,75.4,94,23,,-1.28,25.2,313046.00,1.59,,1070.00,2.59,2.18
Saint Vincent and the Grenadines,Central America and the Caribbean,202000.00,13700.00,6,7.48,389.00,12.09,24733.00,-0.6,12.59,7.58,73.8,5.7,49000.00,27821000.00,125777000.00,415725000.00,1.57,85000.00,51700.00,76.93,62,35.3,,-6.11,23.7,100804.00,-0.16,,,1.74,21.62
Dominica,Central America and the Caribbean,182000.00,10900.00,2,6.32,751.00,13.64,16000.00,-5.9,11,8.12,82.7,5.5,42000.00,37513000.00,104959000.00,302000000.00,-0.73,58320.00,25000.00,78.45,,34.9,,-5.3,27.9,74656.00,0.02,,1512.00,2.01,23
"Micronesia, Federated States of",Australia and Oceania,177000.00,3300.00,6,1.59,702.00,18.12,6000.00,6.6,21.37,4.2,25.4,9.7,,0.00,88300000.00,258500000.00,0.55,44000.00,37920.00,74.71,74,26.3,,-20.92,45.8,100319.00,-0.7,,,2.22,16.2
British Virgin Islands,Central America and the Caribbean,173000.00,34200.00,4,,151.00,10.9,6738.00,0,13.77,5.44,,2.6,33000.00,80136000.00,23000000.00,300000000.00,1.2,24087.00,12770.00,79.9,,37.2,,13.21,,39369.00,1.87,,200.00,1.37,2.9
Sao Tome and Principe,Africa,173000.00,4100.00,2,4.23,964.00,27.43,2512.00,-2.4,43.48,6.07,88.4,5,28000.00,11636000.00,75256000.00,201145000.00,7.86,112200.00,71400.00,67.39,146,19.3,,-6.84,12.4,220372.00,1.45,,1300.00,3.44,15.91
Tonga,Australia and Oceania,171000.00,6100.00,6,0.31,747.00,20.02,5000.00,0,12.1,4.95,49.41,6.6,26000.00,22841000.00,58745000.00,285675000.00,5.64,73700.00,32000.00,77.78,126,24.1,2.1,-18.06,48.2,105221.00,-0.3,,680.00,2.7,3.97
Cook Islands,Australia and Oceania,114000.00,16700.00,11,12.97,236.00,12.34,2700.00,3,15.53,9.2,,4.6,18000.00,0.00,3125000.00,109300000.00,2.2,11382.00,6820.00,77.39,,38.3,,-26.2,55.9,7939.00,-2.31,,295.00,2.04,13.1
Saint Pierre and Miquelon,North America,84000.00,46200.00,2,,242.00,6.54,,3.8,7.97,11.36,,,26000.00,0.00,6641000.00,95350000.00,1.5,5099.00,4429.00,81.62,,48.5,,-7.12,,5195.00,-1.19,,117.00,1.59,8.7
Kiribati,Australia and Oceania,76000.00,1900.00,19,0.43,811.00,19.92,185.00,-64.1,32.2,6.91,26.3,12.4,11000.00,9335000.00,10754000.00,201984000.00,-1.81,70200.00,39000.00,68.22,76,25.7,,-2.79,46,115372.00,1.02,,670.00,2.18,30.6
Nauru,Australia and Oceania,66000.00,11900.00,1,2.44,21.00,20.71,950.00,-9.2,7.72,6.39,62,7.1,15000.00,0.00,31101000.00,94796000.00,5.1,10920.00,,68.25,,27,,-10.15,61,9852.00,0.42,,30.00,2.58,23
Falkland Islands (Islas Malvinas),South America,46000.00,70800.00,7,,12173.00,10.9,1000.00,-4,,4.9,0,,11000.00,0.00,257300000.00,90000000.00,1.4,3762.00,1850.00,,,,,,,3662.00,0.01,,440.00,,1
Montserrat,Central America and the Caribbean,33000.00,34000.00,1,,102.00,10.66,2700.00,,10.04,6.07,,5.4,5000.00,0.00,4400000.00,39440000.00,1.2,2473.00,4521.00,75.91,,34.8,,0,,5440.00,0.46,,,1.32,5.6
Antarctica,Antarctica,28000.00,,17,,14200000.00,,,,,,,,0.00,0.00,,,,4400.00,,,,,,,,,,,,,
"Saint Helena, Ascension, and Tristan da Cunha",Africa,13000.00,7800.00,2,,394.00,9.33,1000.00,,18.62,8.19,,,8000.00,0.00,19000000.00,20530000.00,4,2287.00,2486.00,80.7,,43.2,,0,,7935.00,0.11,,198.00,1.61,14
Niue,Australia and Oceania,8000.00,5800.00,1,8.5,260.00,,,-12.6,,,,,3000.00,0.00,201400.00,9038000.00,4,1512.00,663.00,,,,,,50,2000.00,-0.03,,234.00,,12
Northern Mariana Islands,Australia and Oceania,0.00,24500.00,5,,464.00,15.6,,3.7,12.17,5.58,7.1,,,0.00,914000000.00,893000000.00,0.3,12299.00,27970.00,76.83,,32.8,,-13.51,,51295.00,-0.35,,536.00,2.59,11.2
Tuvalu,Australia and Oceania,0.00,4900.00,1,0.93,26.00,22.34,450.00,25.6,28.32,7.9,37,,,0.00,2699000.00,51187000.00,4.1,7920.00,3615.00,68.69,,26.6,,-6.36,51.6,11639.00,0.81,,8.00,2.81,